no,method,url,owner_module,access
1,POST,/api/v1/auth/register,account,Public
2,POST,/api/v1/auth/login,account,Public
3,GET,/api/v1/me,account,JWT
4,PATCH,/api/v1/me,account,JWT
5,POST,/api/v1/me/addresses,account,JWT
6,PATCH,/api/v1/me/addresses/{addressId},account,JWT
7,DELETE,/api/v1/me/addresses/{addressId},account,JWT
8,GET,/api/v1/me/orders,account/order,JWT
9,GET,/api/v1/me/orders/{orderId},account/order,JWT
10,PATCH,/api/v1/me/orders/{orderId}/recipient,order,JWT
11,GET,/api/v1/catalog/products,product,Public
12,GET,/api/v1/catalog/products/{productId},product,Public
13,GET,/api/v1/catalog/meta,product,Public
14,GET,/api/v1/cart,cart,JWT optional / guest TBD
15,POST,/api/v1/cart/items,cart,JWT optional / guest TBD
16,PATCH,/api/v1/cart/items/{cartItemId},cart,JWT optional / guest TBD
17,DELETE,/api/v1/cart/items/{cartItemId},cart,JWT optional / guest TBD
18,DELETE,/api/v1/cart,cart,JWT optional / guest TBD
19,POST,/api/v1/checkout/quote,order,JWT optional; voucher requires JWT
20,POST,/api/v1/orders,order,JWT optional / guest TBD
21,GET,/api/v1/admin/orders,order,JWT + permission
22,GET,/api/v1/admin/orders/{orderId},order,JWT + permission
23,PATCH,/api/v1/admin/orders/{orderId},order,JWT + permission
24,POST,/api/v1/admin/orders/{orderId}/actions,order,JWT + permission
25,POST,/api/v1/admin/orders/{orderId}/payment-actions,order,JWT + permission
26,POST,/api/v1/admin/orders/{orderId}/after-sales,order,JWT + permission
27,GET,/api/v1/admin/products,product,JWT + permission
28,GET,/api/v1/admin/products/{productId},product,JWT + permission
29,POST,/api/v1/admin/products,product,JWT + permission
30,PATCH,/api/v1/admin/products/{productId},product,JWT + permission
31,POST,/api/v1/admin/products/{productId}/variants,product,JWT + permission
32,PATCH,/api/v1/admin/products/{productId}/variants/{variantId},product,JWT + permission
33,GET,/api/v1/admin/catalog/meta,product,JWT + permission
34,POST,/api/v1/admin/categories,product,JWT + permission
35,PATCH,/api/v1/admin/categories/{categoryId},product,JWT + permission
36,DELETE,/api/v1/admin/categories/{categoryId},product,JWT + permission
37,POST,/api/v1/admin/brands,product,JWT + permission
38,PATCH,/api/v1/admin/brands/{brandId},product,JWT + permission
39,DELETE,/api/v1/admin/brands/{brandId},product,JWT + permission
40,POST,/api/v1/admin/size-systems,product,JWT + permission
41,PATCH,/api/v1/admin/size-systems/{sizeSystemId},product,JWT + permission
42,DELETE,/api/v1/admin/size-systems/{sizeSystemId},product,JWT + permission
43,POST,/api/v1/admin/colors,product,JWT + permission
44,PATCH,/api/v1/admin/colors/{colorId},product,JWT + permission
45,DELETE,/api/v1/admin/colors/{colorId},product,JWT + permission
46,GET,/api/v1/admin/suppliers,inventory,JWT + permission
47,GET,/api/v1/admin/suppliers/{supplierId},inventory,JWT + permission
48,POST,/api/v1/admin/suppliers,inventory,JWT + permission
49,PATCH,/api/v1/admin/suppliers/{supplierId},inventory,JWT + permission
50,GET,/api/v1/admin/goods-receipts,inventory,JWT + permission
51,GET,/api/v1/admin/goods-receipts/{receiptId},inventory,JWT + permission
52,POST,/api/v1/admin/goods-receipts,inventory,JWT + permission
53,PATCH,/api/v1/admin/goods-receipts/{receiptId},inventory,JWT + permission
54,POST,/api/v1/admin/goods-receipts/{receiptId}/actions,inventory,JWT + permission
55,GET,/api/v1/admin/inventory,inventory,JWT + permission
56,POST,/api/v1/admin/inventory/adjustments,inventory,JWT + permission
57,GET,/api/v1/admin/inventory/transactions,inventory,JWT + permission
58,GET,/api/v1/admin/staff-accounts,account,JWT / Admin
59,GET,/api/v1/admin/staff-accounts/{accountId},account,JWT / Admin
60,POST,/api/v1/admin/staff-accounts,account,JWT / Admin
61,PATCH,/api/v1/admin/staff-accounts/{accountId},account,JWT / Admin
62,GET,/api/v1/admin/access-control,account,JWT / Admin
63,POST,/api/v1/admin/roles,account,JWT / Admin
64,PATCH,/api/v1/admin/roles/{roleId},account,JWT / Admin
65,DELETE,/api/v1/admin/roles/{roleId},account,JWT / Admin
66,GET,/api/v1/admin/permissions,account,JWT / Admin
67,POST,/api/v1/admin/permissions,account,JWT / Admin
68,PATCH,/api/v1/admin/permissions/{permissionId},account,JWT / Admin
69,DELETE,/api/v1/admin/permissions/{permissionId},account,JWT / Admin
70,GET,/api/v1/admin/audit-logs,audit,JWT + permission
71,GET,/api/v1/admin/reports/overview,report,JWT / Admin
72,GET,/api/v1/content-pages/{pageCode},content,Public
73,GET,/api/v1/admin/content-pages,content,JWT + permission
74,POST,/api/v1/admin/content-pages,content,JWT + permission
75,PATCH,/api/v1/admin/content-pages/{pageId},content,JWT + permission
76,GET,/api/v1/admin/customers,account,JWT + permission
77,GET,/api/v1/admin/customers/{customerId},account,JWT + permission
